<annotation>
	<folder>C:\Users\Asus\Desktop\Levha_annotation\resized</folder>
	<filename>IMG_20230408_142304.jpg</filename>
	<path>C:\Users\Asus\Desktop\Levha_annotation\resized\IMG_20230408_142304.jpg</path>
	<source>
		<database>Unknown</database>
		<annotation>Unknown</annotation>
		<image>Unknown</image>
	</source>
	<size>
		<width>950</width>
		<height>530</height>
		<depth>3</depth>
	</size>
	<segmented>0</segmented>
	<object>
		<name>sola_mecburi_1</name>
		<occluded>0</occluded>
		<pose>Unspecified</pose>
		<truncated>0</truncated>
		<difficult>0</difficult>
		<bndbox>
			<xmin>500</xmin>
			<ymin>153</ymin>
			<xmax>532</xmax>
			<ymax>223</ymax>
		</bndbox>
	</object>
	<object>
		<name>girilmez</name>
		<occluded>0</occluded>
		<pose>Unspecified</pose>
		<truncated>0</truncated>
		<difficult>0</difficult>
		<bndbox>
			<xmin>21</xmin>
			<ymin>195</ymin>
			<xmax>82</xmax>
			<ymax>237</ymax>
		</bndbox>
	</object>
</annotation>
