<annotation>
	<folder>C:\Users\Asus\Desktop\Levha_annotation\resized</folder>
	<filename>IMG_20230408_142550.jpg</filename>
	<path>C:\Users\Asus\Desktop\Levha_annotation\resized\IMG_20230408_142550.jpg</path>
	<source>
		<database>Unknown</database>
		<annotation>Unknown</annotation>
		<image>Unknown</image>
	</source>
	<size>
		<width>950</width>
		<height>530</height>
		<depth>3</depth>
	</size>
	<segmented>0</segmented>
	<object>
		<name>sola_mecburi_2</name>
		<occluded>0</occluded>
		<pose>Unspecified</pose>
		<truncated>0</truncated>
		<difficult>0</difficult>
		<bndbox>
			<xmin>511</xmin>
			<ymin>156</ymin>
			<xmax>591</xmax>
			<ymax>223</ymax>
		</bndbox>
	</object>
	<object>
		<name>ada</name>
		<occluded>0</occluded>
		<pose>Unspecified</pose>
		<truncated>0</truncated>
		<difficult>0</difficult>
		<bndbox>
			<xmin>60</xmin>
			<ymin>224</ymin>
			<xmax>87</xmax>
			<ymax>243</ymax>
		</bndbox>
	</object>
	<object>
		<name>saga_mecburi_1</name>
		<occluded>0</occluded>
		<pose>Unspecified</pose>
		<truncated>0</truncated>
		<difficult>0</difficult>
		<bndbox>
			<xmin>398</xmin>
			<ymin>222</ymin>
			<xmax>421</xmax>
			<ymax>239</ymax>
		</bndbox>
	</object>
	<object>
		<name>girilmez</name>
		<occluded>0</occluded>
		<pose>Unspecified</pose>
		<truncated>0</truncated>
		<difficult>0</difficult>
		<bndbox>
			<xmin>342</xmin>
			<ymin>227</ymin>
			<xmax>358</xmax>
			<ymax>240</ymax>
		</bndbox>
	</object>
	<object>
		<name>red_light</name>
		<occluded>0</occluded>
		<pose>Unspecified</pose>
		<truncated>0</truncated>
		<difficult>0</difficult>
		<bndbox>
			<xmin>262</xmin>
			<ymin>161</ymin>
			<xmax>287</xmax>
			<ymax>201</ymax>
		</bndbox>
	</object>
</annotation>
