<annotation>
	<folder>C:\Users\Asus\Desktop\Levha_annotation\resized</folder>
	<filename>IMG_20230408_144759.jpg</filename>
	<path>C:\Users\Asus\Desktop\Levha_annotation\resized\IMG_20230408_144759.jpg</path>
	<source>
		<database>Unknown</database>
		<annotation>Unknown</annotation>
		<image>Unknown</image>
	</source>
	<size>
		<width>950</width>
		<height>530</height>
		<depth>3</depth>
	</size>
	<segmented>0</segmented>
	<object>
		<name>red_light</name>
		<occluded>0</occluded>
		<pose>Unspecified</pose>
		<truncated>0</truncated>
		<difficult>0</difficult>
		<bndbox>
			<xmin>358</xmin>
			<ymin>210</ymin>
			<xmax>380</xmax>
			<ymax>248</ymax>
		</bndbox>
	</object>
	<object>
		<name>red_light</name>
		<occluded>0</occluded>
		<pose>Unspecified</pose>
		<truncated>0</truncated>
		<difficult>0</difficult>
		<bndbox>
			<xmin>534</xmin>
			<ymin>90</ymin>
			<xmax>565</xmax>
			<ymax>144</ymax>
		</bndbox>
	</object>
	<object>
		<name>red_light</name>
		<occluded>0</occluded>
		<pose>Unspecified</pose>
		<truncated>0</truncated>
		<difficult>0</difficult>
		<bndbox>
			<xmin>748</xmin>
			<ymin>197</ymin>
			<xmax>773</xmax>
			<ymax>230</ymax>
		</bndbox>
	</object>
</annotation>
