<annotation>
	<folder>C:\Users\Asus\Desktop\Levha_annotation\resized</folder>
	<filename>IMG_20230408_144751.jpg</filename>
	<path>C:\Users\Asus\Desktop\Levha_annotation\resized\IMG_20230408_144751.jpg</path>
	<source>
		<database>Unknown</database>
		<annotation>Unknown</annotation>
		<image>Unknown</image>
	</source>
	<size>
		<width>950</width>
		<height>530</height>
		<depth>3</depth>
	</size>
	<segmented>0</segmented>
	<object>
		<name>red_light</name>
		<occluded>0</occluded>
		<pose>Unspecified</pose>
		<truncated>0</truncated>
		<difficult>0</difficult>
		<bndbox>
			<xmin>248</xmin>
			<ymin>188</ymin>
			<xmax>278</xmax>
			<ymax>235</ymax>
		</bndbox>
	</object>
	<object>
		<name>red_light</name>
		<occluded>0</occluded>
		<pose>Unspecified</pose>
		<truncated>0</truncated>
		<difficult>0</difficult>
		<bndbox>
			<xmin>456</xmin>
			<ymin>53</ymin>
			<xmax>489</xmax>
			<ymax>114</ymax>
		</bndbox>
	</object>
	<object>
		<name>red_light</name>
		<occluded>0</occluded>
		<pose>Unspecified</pose>
		<truncated>0</truncated>
		<difficult>0</difficult>
		<bndbox>
			<xmin>692</xmin>
			<ymin>173</ymin>
			<xmax>715</xmax>
			<ymax>214</ymax>
		</bndbox>
	</object>
</annotation>
