<annotation>
	<folder>C:\Users\Asus\Desktop\Levha_annotation\resized</folder>
	<filename>IMG_20230408_142509.jpg</filename>
	<path>C:\Users\Asus\Desktop\Levha_annotation\resized\IMG_20230408_142509.jpg</path>
	<source>
		<database>Unknown</database>
		<annotation>Unknown</annotation>
		<image>Unknown</image>
	</source>
	<size>
		<width>950</width>
		<height>530</height>
		<depth>3</depth>
	</size>
	<segmented>0</segmented>
	<object>
		<name>sola_mecburi_2</name>
		<occluded>0</occluded>
		<pose>Unspecified</pose>
		<truncated>0</truncated>
		<difficult>0</difficult>
		<bndbox>
			<xmin>510</xmin>
			<ymin>217</ymin>
			<xmax>535</xmax>
			<ymax>274</ymax>
		</bndbox>
	</object>
	<object>
		<name>saga_mecburi_2</name>
		<occluded>0</occluded>
		<pose>Unspecified</pose>
		<truncated>0</truncated>
		<difficult>0</difficult>
		<bndbox>
			<xmin>360</xmin>
			<ymin>232</ymin>
			<xmax>378</xmax>
			<ymax>265</ymax>
		</bndbox>
	</object>
	<object>
		<name>saga_mecburi_1</name>
		<occluded>0</occluded>
		<pose>Unspecified</pose>
		<truncated>0</truncated>
		<difficult>0</difficult>
		<bndbox>
			<xmin>326</xmin>
			<ymin>251</ymin>
			<xmax>343</xmax>
			<ymax>276</ymax>
		</bndbox>
	</object>
</annotation>
