<annotation>
	<folder>C:\Users\Asus\Desktop\Levha_annotation\resized</folder>
	<filename>IMG_20230408_142514.jpg</filename>
	<path>C:\Users\Asus\Desktop\Levha_annotation\resized\IMG_20230408_142514.jpg</path>
	<source>
		<database>Unknown</database>
		<annotation>Unknown</annotation>
		<image>Unknown</image>
	</source>
	<size>
		<width>950</width>
		<height>530</height>
		<depth>3</depth>
	</size>
	<segmented>0</segmented>
	<object>
		<name>sola_mecburi_2</name>
		<occluded>0</occluded>
		<pose>Unspecified</pose>
		<truncated>0</truncated>
		<difficult>0</difficult>
		<bndbox>
			<xmin>538</xmin>
			<ymin>221</ymin>
			<xmax>565</xmax>
			<ymax>280</ymax>
		</bndbox>
	</object>
	<object>
		<name>saga_mecburi_2</name>
		<occluded>0</occluded>
		<pose>Unspecified</pose>
		<truncated>0</truncated>
		<difficult>0</difficult>
		<bndbox>
			<xmin>306</xmin>
			<ymin>232</ymin>
			<xmax>334</xmax>
			<ymax>265</ymax>
		</bndbox>
	</object>
	<object>
		<name>saga_mecburi_1</name>
		<occluded>0</occluded>
		<pose>Unspecified</pose>
		<truncated>0</truncated>
		<difficult>0</difficult>
		<bndbox>
			<xmin>260</xmin>
			<ymin>255</ymin>
			<xmax>282</xmax>
			<ymax>283</ymax>
		</bndbox>
	</object>
</annotation>
